{
    "model": "XGBoost",
    "auc": 0.8094430065165389,
    "brier_score": 0.17811934649944305,
    "log_loss": 0.5300871729850769,
    "optimal_threshold": 0.788,
    "ams": 72.31107288652295,
    "tp": 1752,
    "fp": 158,
    "tn": 4449,
    "fn": 3641,
    "accuracy": 0.6201,
    "precision": 0.9172774869109948,
    "recall": 0.32486556647506026,
    "sensitivity": 0.32486556647506026,
    "specificity": 0.9657043629259822,
    "f1_score": 0.4798028207585924,
    "matthews_corrcoef": 0.36845464822137164,
    "false_positive_rate": 0.034295637074017796,
    "false_negative_rate": 0.6751344335249397,
    "total_samples": 10000
}